{
  "id": "crustal_abundance",
  "titleKey": "layer.crustal.title",
  "descriptionKey": "layer.crustal.description",
  "colorScale": "log-abundance",
  "type": "continuous",
  "unit": "%",
  "values": {
    "8": 46.1,
    "14": 28.2,
    "13": 8.23,
    "26": 5.63,
    "20": 4.15,
    "11": 2.36,
    "12": 2.33,
    "19": 2.09,
    "22": 0.565,
    "1": 0.14,
    "15": 0.105,
    "25": 0.095,
    "9": 0.0585,
    "56": 0.0425,
    "38": 0.037,
    "16": 0.035,
    "6": 0.02,
    "40": 0.0165,
    "23": 0.012,
    "17": 0.0145,
    "24": 0.0102,
    "37": 0.009,
    "28": 0.0084,
    "30": 0.007,
    "29": 0.006,
    "57": 0.0039,
    "58": 0.0066,
    "60": 0.0041,
    "39": 0.0033,
    "3": 0.002,
    "27": 0.0025,
    "82": 0.0014,
    "92": 0.00027,
    "79": 0.0000004
  }
}

